commit	time	output_sha256
5c4b9625b975b8a5630f9cfc33790bcfce3b9315	22.43454575538636	8f5d4d0db40fcfde4dc0b57af4ebf39a5f04dc97221be4a7d13478863c100132
526b3d6c0604d5ced72b029a5bec97230d1182c7	17.693285942077637	8f5d4d0db40fcfde4dc0b57af4ebf39a5f04dc97221be4a7d13478863c100132
526b3d6c0604d5ced72b029a5bec97230d1182c7	18.079193830490112	8f5d4d0db40fcfde4dc0b57af4ebf39a5f04dc97221be4a7d13478863c100132
526b3d6c0604d5ced72b029a5bec97230d1182c7	17.592525243759155	8f5d4d0db40fcfde4dc0b57af4ebf39a5f04dc97221be4a7d13478863c100132
526b3d6c0604d5ced72b029a5bec97230d1182c7	17.83640456199646	8f5d4d0db40fcfde4dc0b57af4ebf39a5f04dc97221be4a7d13478863c100132
526b3d6c0604d5ced72b029a5bec97230d1182c7	17.63719153404236	8f5d4d0db40fcfde4dc0b57af4ebf39a5f04dc97221be4a7d13478863c100132
526b3d6c0604d5ced72b029a5bec97230d1182c7	17.64223289489746	8f5d4d0db40fcfde4dc0b57af4ebf39a5f04dc97221be4a7d13478863c100132
526b3d6c0604d5ced72b029a5bec97230d1182c7	17.979435205459595	8f5d4d0db40fcfde4dc0b57af4ebf39a5f04dc97221be4a7d13478863c100132
526b3d6c0604d5ced72b029a5bec97230d1182c7	17.668716430664062	8f5d4d0db40fcfde4dc0b57af4ebf39a5f04dc97221be4a7d13478863c100132
526b3d6c0604d5ced72b029a5bec97230d1182c7	17.726552486419678	8f5d4d0db40fcfde4dc0b57af4ebf39a5f04dc97221be4a7d13478863c100132
526b3d6c0604d5ced72b029a5bec97230d1182c7	17.725894689559937	8f5d4d0db40fcfde4dc0b57af4ebf39a5f04dc97221be4a7d13478863c100132
526b3d6c0604d5ced72b029a5bec97230d1182c7	17.776965618133545	8f5d4d0db40fcfde4dc0b57af4ebf39a5f04dc97221be4a7d13478863c100132
526b3d6c0604d5ced72b029a5bec97230d1182c7	17.958271026611328	8f5d4d0db40fcfde4dc0b57af4ebf39a5f04dc97221be4a7d13478863c100132
526b3d6c0604d5ced72b029a5bec97230d1182c7	17.84580707550049	8f5d4d0db40fcfde4dc0b57af4ebf39a5f04dc97221be4a7d13478863c100132
526b3d6c0604d5ced72b029a5bec97230d1182c7	17.450838565826416	8f5d4d0db40fcfde4dc0b57af4ebf39a5f04dc97221be4a7d13478863c100132
526b3d6c0604d5ced72b029a5bec97230d1182c7	17.81561255455017	8f5d4d0db40fcfde4dc0b57af4ebf39a5f04dc97221be4a7d13478863c100132
526b3d6c0604d5ced72b029a5bec97230d1182c7	17.878326654434204	8f5d4d0db40fcfde4dc0b57af4ebf39a5f04dc97221be4a7d13478863c100132
526b3d6c0604d5ced72b029a5bec97230d1182c7	17.731447458267212	8f5d4d0db40fcfde4dc0b57af4ebf39a5f04dc97221be4a7d13478863c100132
526b3d6c0604d5ced72b029a5bec97230d1182c7	17.259540796279907	8f5d4d0db40fcfde4dc0b57af4ebf39a5f04dc97221be4a7d13478863c100132
526b3d6c0604d5ced72b029a5bec97230d1182c7	17.684911012649536	8f5d4d0db40fcfde4dc0b57af4ebf39a5f04dc97221be4a7d13478863c100132
526b3d6c0604d5ced72b029a5bec97230d1182c7	17.201447248458862	8f5d4d0db40fcfde4dc0b57af4ebf39a5f04dc97221be4a7d13478863c100132
526b3d6c0604d5ced72b029a5bec97230d1182c7	17.242627143859863	8f5d4d0db40fcfde4dc0b57af4ebf39a5f04dc97221be4a7d13478863c100132
